﻿designator,quantity,value,pack,mpn,mount_type
J1,1,OLED1,PinHeader_1x08_P2.54mm_Vertical,,tht
J2,1,OLED2,PinHeader_1x08_P2.54mm_Vertical,,tht
J3,1,OLED3,PinHeader_1x08_P2.54mm_Vertical,,tht
J4,1,OLED4,PinHeader_1x08_P2.54mm_Vertical,,tht
J5,1,OLED5,PinHeader_1x08_P2.54mm_Vertical,,tht
J6,1,OLED6,PinHeader_1x08_P2.54mm_Vertical,,tht
J7,1,OLED7,PinHeader_1x08_P2.54mm_Vertical,,tht
J8,1,OLED8,PinHeader_1x08_P2.54mm_Vertical,,tht
J9,1,Conn_01x14,PinHeader_1x14_P2.54mm_Vertical,,tht
U1,1,ESP32-S3-DevKitC,ESP32-S3-DevKitC,,tht
