﻿pos_x,pos_y,rotation,side,designator,mpn,pack,value,mount_type,place
68.58,-43.18,0.0,top,J1,,PinHeader_1x08_P2.54mm_Vertical,OLED1,tht,True
78.74,-43.18,0.0,top,J2,,PinHeader_1x08_P2.54mm_Vertical,OLED2,tht,True
88.9,-43.18,0.0,top,J3,,PinHeader_1x08_P2.54mm_Vertical,OLED3,tht,True
99.06,-43.18,0.0,top,J4,,PinHeader_1x08_P2.54mm_Vertical,OLED4,tht,True
109.22,-43.18,0.0,top,J5,,PinHeader_1x08_P2.54mm_Vertical,OLED5,tht,True
119.38,-43.18,0.0,top,J6,,PinHeader_1x08_P2.54mm_Vertical,OLED6,tht,True
129.54,-43.18,0.0,top,J7,,PinHeader_1x08_P2.54mm_Vertical,OLED7,tht,True
139.7,-43.18,0.0,top,J8,,PinHeader_1x08_P2.54mm_Vertical,OLED8,tht,True
116.84,-93.98,-90.0,top,J9,,PinHeader_1x14_P2.54mm_Vertical,Conn_01x14,tht,True
36.725,-40.8081,0.0,top,U1,,ESP32-S3-DevKitC,ESP32-S3-DevKitC,tht,True
